code,status,validity_days
ALPHA-ETAU-IDQO,unused,30
ALPHA-HKBZ-8L5J,unused,30
ALPHA-94CA-OS69,unused,30
ALPHA-5TW6-W2QC,unused,30
ALPHA-CR8G-QAFX,unused,30
ALPHA-AEIU-K18P,unused,30
ALPHA-14VW-30QA,unused,30
ALPHA-AKUI-AERU,unused,30
ALPHA-D75W-1M2M,unused,30
ALPHA-ZLCU-0D65,unused,30
ALPHA-VUM5-BROS,unused,30
ALPHA-QLKF-TTCW,unused,30
ALPHA-QCUZ-VWCK,unused,30
ALPHA-VT28-XOQA,unused,30
ALPHA-GSCE-YAHB,unused,30
ALPHA-UCQ9-1HS2,unused,30
ALPHA-7RCD-YC6X,unused,30
ALPHA-1E1Q-YCCT,unused,30
ALPHA-84ZM-N920,unused,30
ALPHA-SG5T-5EWO,unused,30
ALPHA-WEMT-1E2D,unused,30
ALPHA-Y1CS-HRZK,unused,30
ALPHA-NTYD-9QK7,unused,30
ALPHA-JPZK-UZSN,unused,30
ALPHA-H7EL-Z799,unused,30
ALPHA-2S34-QWFI,unused,30
ALPHA-R7UV-AYW0,unused,30
ALPHA-0GV9-QYQM,unused,30
ALPHA-14MB-5H2C,unused,30
ALPHA-GLR2-92EJ,unused,30
ALPHA-830F-ZO31,unused,30
ALPHA-GNV5-3V6X,unused,30
ALPHA-1Q0Y-ZPT4,unused,30
ALPHA-VXG9-LTG8,unused,30
ALPHA-X5T8-U4R3,unused,30
ALPHA-PCIE-8RFJ,unused,30
ALPHA-1KOY-U8NX,unused,30
ALPHA-594U-EY7J,unused,30
ALPHA-WLBH-ER7I,unused,30
ALPHA-W9JY-6GRW,unused,30
ALPHA-ERVK-I8BJ,unused,30
ALPHA-6RPF-18ML,unused,30
ALPHA-UIZM-DSJZ,unused,30
ALPHA-037C-B1VM,unused,30
ALPHA-86QE-05FR,unused,30
ALPHA-NK07-S7SL,unused,30
ALPHA-XK0U-N1SC,unused,30
ALPHA-IJ5J-31B4,unused,30
ALPHA-0E8D-R0K6,unused,30
ALPHA-1BK5-P3W0,unused,30
ALPHA-SOX8-6NNA,unused,30
ALPHA-D8HO-N2IC,unused,30
ALPHA-5E5M-CBAT,unused,30
ALPHA-RQMI-V93N,unused,30
ALPHA-ZZCJ-W0YN,unused,30
ALPHA-UU0L-FBYF,unused,30
ALPHA-U5MU-OV4U,unused,30
ALPHA-DD2Y-REUF,unused,30
ALPHA-XRFL-SVIU,unused,30
ALPHA-BHCB-9VSD,unused,30
ALPHA-VWLB-TUHG,unused,30
ALPHA-SEJX-QJ03,unused,30
ALPHA-NNX8-R273,unused,30
ALPHA-S8JL-JYO5,unused,30
ALPHA-33H9-KEBW,unused,30
ALPHA-S0JA-QLVT,unused,30
ALPHA-OYOD-1JNP,unused,30
ALPHA-0JFJ-T3PS,unused,30
ALPHA-C6X2-0KP1,unused,30
ALPHA-33PJ-5WVG,unused,30
ALPHA-ZYMS-MQBF,unused,30
ALPHA-PLXU-H0J9,unused,30
ALPHA-73KZ-U6LZ,unused,30
ALPHA-I5N2-RG7B,unused,30
ALPHA-L9AT-NS3Y,unused,30
ALPHA-MB9S-WTEZ,unused,30
ALPHA-KDID-38SA,unused,30
ALPHA-LLEZ-XSQW,unused,30
ALPHA-CHSX-3V46,unused,30
ALPHA-PS8I-ZWPD,unused,30
ALPHA-EFAY-1TV1,unused,30
ALPHA-BO2H-9G8D,unused,30
ALPHA-VWIH-M646,unused,30
ALPHA-EXST-PG58,unused,30
ALPHA-ZSCG-CC7L,unused,30
ALPHA-BZFM-M0EO,unused,30
ALPHA-BGT7-JTNJ,unused,30
ALPHA-HNSL-QXPN,unused,30
ALPHA-Q8E9-SY7M,unused,30
ALPHA-0TDB-K240,unused,30
ALPHA-LMWE-MSLQ,unused,30
ALPHA-18U3-JI1X,unused,30
ALPHA-2YBM-P3C5,unused,30
ALPHA-H2SJ-WNXU,unused,30
ALPHA-27TV-EQ4H,unused,30
ALPHA-SVS7-ICJW,unused,30
ALPHA-06O0-ZMMK,unused,30
ALPHA-QA4C-0FOE,unused,30
ALPHA-AKK4-NXF8,unused,30
ALPHA-Z43S-WRMO,unused,30
ALPHA-4EOV-UOXZ,unused,30
ALPHA-LM06-97P7,unused,30
ALPHA-42NT-GP7C,unused,30
ALPHA-HQ2N-TR1Y,unused,30
ALPHA-3FJK-GJZF,unused,30
ALPHA-Y4SC-44KT,unused,30
ALPHA-5PXW-FZOY,unused,30
ALPHA-AVEN-OJ9P,unused,30
ALPHA-IVL2-1A7N,unused,30
ALPHA-DG3E-7R6A,unused,30
ALPHA-FRN3-VXW4,unused,30
ALPHA-C1V3-J894,unused,30
ALPHA-NLL2-725M,unused,30
ALPHA-RWBJ-ECRR,unused,30
ALPHA-MYN1-B97H,unused,30
ALPHA-4MCZ-ETRH,unused,30
ALPHA-OA3O-ZDZM,unused,30
ALPHA-QQGO-2T32,unused,30
ALPHA-MY8F-1LXW,unused,30
ALPHA-TCZT-Q2HH,unused,30
ALPHA-AV4P-CF4H,unused,30
ALPHA-EILY-MCLY,unused,30
ALPHA-MC4D-1DVI,unused,30
ALPHA-CXRL-EXHN,unused,30
ALPHA-KMYM-UKYX,unused,30
ALPHA-PMSH-PXPC,unused,30
ALPHA-OF2M-6S2C,unused,30
ALPHA-ZDGZ-DUQP,unused,30
ALPHA-T2JF-DBZF,unused,30
ALPHA-VG7N-Z90U,unused,30
ALPHA-JSH3-UXNZ,unused,30
ALPHA-OBO3-KPZI,unused,30
ALPHA-M7BL-216L,unused,30
ALPHA-JM9Q-O0EK,unused,30
ALPHA-PF09-OZPP,unused,30
ALPHA-NZ1Q-Z90H,unused,30
ALPHA-5TBG-IZ56,unused,30
ALPHA-AFD9-PKAF,unused,30
ALPHA-JE9W-8QC5,unused,30
ALPHA-PFVK-U3C2,unused,30
ALPHA-CABZ-LOBK,unused,30
ALPHA-X8UV-0I69,unused,30
ALPHA-OOE2-JMVN,unused,30
ALPHA-LUPP-CSOH,unused,30
ALPHA-RJQW-7STY,unused,30
ALPHA-WOLN-MRWO,unused,30
ALPHA-TXST-KIGE,unused,30
ALPHA-6II2-9AHC,unused,30
ALPHA-D3NM-0HY8,unused,30
ALPHA-Z49K-2S3Q,unused,30
ALPHA-UL8N-UJIK,unused,30
ALPHA-IDPI-MVJG,unused,30
ALPHA-HEBI-19XP,unused,30
ALPHA-EM4S-OJH5,unused,30
ALPHA-5IFB-DJFV,unused,30
ALPHA-HBXX-UIGU,unused,30
ALPHA-4XCB-0HBS,unused,30
ALPHA-OXCK-8C80,unused,30
ALPHA-NE3V-J3BZ,unused,30
ALPHA-29X0-4AB5,unused,30
ALPHA-RIQL-JW4H,unused,30
ALPHA-I0XT-DT1I,unused,30
ALPHA-5F2J-OMAA,unused,30
ALPHA-0WPQ-ZR9F,unused,30
ALPHA-M44Y-O45O,unused,30
ALPHA-6UGG-F7WX,unused,30
ALPHA-OXIT-4O69,unused,30
ALPHA-2YEL-YHFY,unused,30
ALPHA-6VP0-S4NM,unused,30
ALPHA-QSBV-LEU9,unused,30
ALPHA-MUWH-RKDY,unused,30
ALPHA-CPWA-VH1I,unused,30
ALPHA-6UE5-R00U,unused,30
ALPHA-D0EK-FMUQ,unused,30
ALPHA-2H71-A74B,unused,30
ALPHA-S1GL-C043,unused,30
ALPHA-T8WN-7X7O,unused,30
ALPHA-JACZ-1VSB,unused,30
ALPHA-WKIW-9HX5,unused,30
ALPHA-JUZ8-9Z8F,unused,30
ALPHA-MJJI-SKJV,unused,30
ALPHA-MD3A-FZD4,unused,30
ALPHA-N89S-7195,unused,30
ALPHA-D6SU-WPZ0,unused,30
ALPHA-4OGY-3MZ2,unused,30
ALPHA-U895-R0BV,unused,30
ALPHA-LHCV-M9L3,unused,30
ALPHA-GPVM-24S6,unused,30
ALPHA-S6M7-VM3R,unused,30
ALPHA-MD7T-I62J,unused,30
ALPHA-AFM7-NHDB,unused,30
ALPHA-ZMFQ-WEGP,unused,30
ALPHA-K7Q8-G1BI,unused,30
ALPHA-N0IV-4UO8,unused,30
ALPHA-T0PE-AO4Q,unused,30
ALPHA-X5G8-FFAO,unused,30
ALPHA-WG4G-JBNQ,unused,30
ALPHA-ZIIT-UU57,unused,30
ALPHA-AGJ7-DDRZ,unused,30
ALPHA-0I9P-ZEP5,unused,30
